﻿<?xml version="1.0" encoding="utf-8"?>
<!--814 General Request, Response or Confirmation-->
<TransactionSpecification TransactionSetIdentifierCode="814" xmlns="http://tempuri.org/X12ParserSpecification.xsd">
  <Segment SegmentId="BGN" Usage="Required" Repeat="1" />
  <Segment SegmentId="CUR" Repeat="1" />
  <Loop LoopId="FA1">
    <Name>Type of Financial Accounting Data</Name>
    <StartingSegment SegmentId="FA1" />
    <Segment SegmentId="FA2" Usage="Required" />
  </Loop>
  <Loop LoopId="N1">
    <Name>Name</Name>
    <StartingSegment SegmentId="N1" />
    <Segment SegmentId="N2" Repeat="2" />
    <Segment SegmentId="N3" Repeat="2" />
    <Segment SegmentId="N4" Repeat="1" />
    <Segment SegmentId="PER" />
    <Segment SegmentId="REF" />
    <Segment SegmentId="DTM" />
  </Loop>
  <Loop LoopId="LIN">
    <Name>Item Identification</Name>
    <StartingSegment SegmentId="LIN" />
    <Segment SegmentId="ASI" Repeat="1" />
    <Segment SegmentId="REF" />
    <Segment SegmentId="DTM" />
    <Segment SegmentId="CUR" Repeat="1" />
    <Segment SegmentId="AMT" />
    <Segment SegmentId="PM" Repeat="1" />
    <Loop LoopId="FA1">
      <Name>Type of Financial Accounting Data</Name>
      <StartingSegment SegmentId="FA1" />
      <Segment SegmentId="FA2" Usage="Required" />
    </Loop>
    <Loop LoopId="NM1">
      <Name>Individual or Organizational Name</Name>
      <StartingSegment SegmentId="NM1" />
      <Segment SegmentId="N2" Repeat="2" />
      <Segment SegmentId="N3" Repeat="2" />
      <Segment SegmentId="N4" Repeat="1" />
      <Segment SegmentId="PER" />
      <Segment SegmentId="REF" />
      <Segment SegmentId="DTM" />
    </Loop>
  </Loop>
</TransactionSpecification>