﻿<?xml version="1.0" encoding="utf-8"?>
<!--426 Rail Revenue Waybill-->
<TransactionSpecification TransactionSetIdentifierCode="426" xmlns="http://tempuri.org/X12ParserSpecification.xsd">
  <Segment SegmentId="ZR" Usage="Required" Repeat="1" />
  <Segment SegmentId="N9" Repeat="30" />
  <Segment SegmentId="DTM" Usage="Required" Repeat="5" />
  <Segment SegmentId="CUR" Repeat="1" />
  <Segment SegmentId="NTE" Repeat="2" />
  <Segment SegmentId="PER" Repeat="20" />
  <Segment SegmentId="BX" Repeat="1" />
  <Loop LoopId="1000" LoopRepeat="1">
    <Name>Rail Shipment Information</Name>
    <StartingSegment SegmentId="BNX" />
    <Segment SegmentId="N9" Repeat="30" />
    <Segment SegmentId="DTM" Repeat="5" />
    <Loop LoopId="1100" LoopRepeat="500">
      <Name>Equipment Details</Name>
      <StartingSegment SegmentId="N7" />
      <Segment SegmentId="VC" Repeat="21" />
      <Segment SegmentId="IC" Repeat="1" />
      <Segment SegmentId="G4" Repeat="1" />
      <Segment SegmentId="M7" Repeat="5" />
      <Segment SegmentId="N5" Repeat="1" />
      <Segment SegmentId="GA" Repeat="15" />
    </Loop>
    <Segment SegmentId="N8" Usage="Required" Repeat="499" />
    <Segment SegmentId="N8A" Repeat="499" />
    <Segment SegmentId="V9" Repeat="1" />
    <Segment SegmentId="F9" Usage="Required" Repeat="1" />
    <Segment SegmentId="D9" Usage="Required" Repeat="1" />
    <Loop LoopId="1200" LoopRepeat="10">
      <Name>Name</Name>
      <StartingSegment SegmentId="N1" />
      <Segment SegmentId="N2" Repeat="2" />
      <Segment SegmentId="N3" Repeat="2" />
      <Segment SegmentId="N4" Repeat="1" />
      <Segment SegmentId="PER" Repeat="3" />
      <Segment SegmentId="BL" Repeat="12" />
    </Loop>
    <Loop LoopId="1300" LoopRepeat="6">
      <Name>Stop-off Name</Name>
      <StartingSegment SegmentId="S1" />
      <Segment SegmentId="S9" Repeat="1" />
    </Loop>
    <Segment SegmentId="PI" Repeat="12" />
    <Loop LoopId="1400" LoopRepeat="13">
      <Name>Route Information</Name>
      <StartingSegment SegmentId="R2" />
      <Loop LoopId="1410" LoopRepeat="4">
        <Name>Junctions and Proportions</Name>
        <StartingSegment SegmentId="R2B" />
        <Segment SegmentId="R2C" Repeat="20" />
        <Segment SegmentId="R2D" Repeat="5" />
      </Loop>
    </Loop>
    <Segment SegmentId="R9" Repeat="1" />
    <Segment SegmentId="H3" Repeat="6" />
    <Segment SegmentId="PS" Repeat="5" />
    <Loop LoopId="1500" LoopRepeat="25">
      <Name>Assigned Number</Name>
      <StartingSegment SegmentId="LX" />
      <Segment SegmentId="L5" Repeat="15" />
      <Loop LoopId="1510" LoopRepeat="25">
        <Name>Line Item - Quantity and Weight</Name>
        <StartingSegment SegmentId="L0" />
        <Segment SegmentId="MEA" Repeat="3" />
        <Segment SegmentId="L1" Repeat="10" />
        <Segment SegmentId="DTM" Repeat="2" />
        <Segment SegmentId="PI" Repeat="1" />
      </Loop>
    </Loop>
    <Loop LoopId="1600" LoopRepeat="64">
      <Name>Transit Inbound Origin</Name>
      <StartingSegment SegmentId="T1" />
      <Segment SegmentId="T2" Repeat="30" />
      <Segment SegmentId="T3" Repeat="12" />
      <Segment SegmentId="T6" Repeat="1" />
      <Segment SegmentId="T8" Repeat="99" />
    </Loop>
    <Segment SegmentId="L3" Repeat="1" />
    <Segment SegmentId="L1A" Repeat="13" />
  </Loop>
</TransactionSpecification>