﻿<?xml version="1.0" encoding="utf-8"?>
<!--540 Notice of Employment Status-->
<TransactionSpecification TransactionSetIdentifierCode="540" xmlns="http://tempuri.org/X12ParserSpecification.xsd">
  <Segment SegmentId="BGN" Usage="Required" Repeat="1" />
  <Loop LoopId="N1">
    <Name>Name</Name>
    <StartingSegment SegmentId="N1" />
    <Segment SegmentId="N2" Repeat="2" />
    <Segment SegmentId="N3" Repeat="2" />
    <Segment SegmentId="N4" Repeat="1" />
    <Segment SegmentId="PER" />
    <Segment SegmentId="REF" />
  </Loop>
  <Loop LoopId="NM1">
    <Name>Individual or Organizational Name</Name>
    <StartingSegment SegmentId="NM1" />
    <Segment SegmentId="N2" Repeat="2" />
    <Segment SegmentId="N3" Repeat="2" />
    <Segment SegmentId="N4" Repeat="1" />
    <Segment SegmentId="PER" />
    <Segment SegmentId="REF" />
    <Loop LoopId="ENT">
      <Name>Entity</Name>
      <StartingSegment SegmentId="ENT" />
      <Segment SegmentId="IN2" />
      <Segment SegmentId="N3" Repeat="2" />
      <Segment SegmentId="N4" />
      <Segment SegmentId="REF" />
      <Segment SegmentId="YNQ" Repeat="10" />
      <Segment SegmentId="DTM" />
      <Segment SegmentId="HD" Repeat="1" />
      <Segment SegmentId="EMS" Repeat="1" />
      <Segment SegmentId="PAM" />
    </Loop>
  </Loop>
</TransactionSpecification>