﻿<?xml version="1.0" encoding="utf-8"?>
<!--255 Underwriting Information Services-->
<TransactionSpecification TransactionSetIdentifierCode="255" xmlns="http://tempuri.org/X12ParserSpecification.xsd">
  <Segment SegmentId="BGN" Usage="Required" Repeat="1" />
  <Segment SegmentId="CUR" Repeat="1" />
  <Loop LoopId="NM1" LoopRepeat="">
    <Name>Individual or Organizational Name</Name>
    <StartingSegment SegmentId="NM1" />
    <Segment SegmentId="N3" Repeat="2" />
    <Segment SegmentId="N4" Repeat="1" />
    <Segment SegmentId="REF" Repeat="9" />
    <Segment SegmentId="PER" Repeat="3" />
  </Loop>
  <Loop LoopId="ACT">
    <Name>Account Identification</Name>
    <StartingSegment SegmentId="ACT" />
    <Segment SegmentId="AM1" Repeat="9" />
    <Segment SegmentId="PWK" Repeat="1" />
    <Segment SegmentId="REF" Repeat="9" />
    <Segment SegmentId="PER" Repeat="3" />
    <Segment SegmentId="DTM" Repeat="9" />
    <Segment SegmentId="MSG" Repeat="9" />
    <Segment SegmentId="YNQ" Repeat="15" />
    <Loop LoopId="NM1">
      <Name>Individual or Organizational Name</Name>
      <StartingSegment SegmentId="NM1" />
      <Segment SegmentId="N2" Repeat="3" />
      <Loop LoopId="LX" LoopRepeat="">
        <Name>Assigned Number</Name>
        <StartingSegment SegmentId="LX" />
        <Segment SegmentId="N3" Repeat="3" />
        <Segment SegmentId="N4" Repeat="1" />
        <Segment SegmentId="ASI" Repeat="1" />
        <Segment SegmentId="PER" Repeat="3" />
        <Segment SegmentId="DMG" Repeat="1" />
        <Segment SegmentId="IND" Repeat="1" />
        <Segment SegmentId="CD2" Repeat="9" />
        <Segment SegmentId="MSG" Repeat="9" />
      </Loop>
      <Loop LoopId="EFI">
        <Name>Electronic Format Identification</Name>
        <StartingSegment SegmentId="EFI" />
        <Segment SegmentId="BIN" Repeat="1" />
      </Loop>
      <Loop LoopId="PO1">
        <Name>Baseline Item Data</Name>
        <StartingSegment SegmentId="PO1" />
        <Segment SegmentId="ASI" Repeat="1" />
        <Segment SegmentId="DMA" Repeat="9" />
        <Segment SegmentId="REF" Repeat="9" />
        <Segment SegmentId="DTP" Repeat="9" />
        <Segment SegmentId="MSG" Repeat="9" />
        <Loop LoopId="LS">
          <Name>Loop Header</Name>
          <StartingSegment SegmentId="LS" />
          <Segment SegmentId="LE" Trailer="true" />
          <Loop LoopId="LX" LoopRepeat="">
            <Name>Assigned Number</Name>
            <StartingSegment SegmentId="LX" />
            <Segment SegmentId="NM1" Usage="Required" Repeat="1" />
            <Segment SegmentId="N2" Repeat="3" />
            <Segment SegmentId="NX2" />
            <Segment SegmentId="N4" Repeat="1" />
            <Segment SegmentId="REC" Repeat="1" />
            <Segment SegmentId="IND" Repeat="1" />
            <Segment SegmentId="EMS" Repeat="1" />
            <Segment SegmentId="PER" Repeat="3" />
            <Segment SegmentId="CN1" Repeat="1" />
            <Segment SegmentId="DTP" Repeat="9" />
            <Segment SegmentId="CD2" Repeat="9" />
            <Segment SegmentId="REF" Repeat="9" />
            <Segment SegmentId="PWK" Repeat="1" />
            <Segment SegmentId="MSG" Repeat="9" />
            <Segment SegmentId="AM1" />
          </Loop>
        </Loop>
      </Loop>
    </Loop>
  </Loop>
</TransactionSpecification>