﻿<?xml version="1.0" encoding="utf-8"?>
<!-- 412 Trailer or Container Repair Billing -->
<TransactionSpecification TransactionSetIdentifierCode="412" xmlns="http://tempuri.org/X12ParserSpecification.xsd">
  <Segment SegmentId="R11" Usage="Required" Repeat="1"/>
  <Segment SegmentId="DTP" Repeat="5"/>
  <Segment SegmentId="CUR" Usage="Required" Repeat="1"/>
  <Loop LoopId="N1">
    <Name>Party Identification</Name>
    <StartingSegment SegmentId="N1"/>
    <Segment SegmentId="N2" Repeat="1"/>
    <Segment SegmentId="N3" Repeat="1"/>
    <Segment SegmentId="N4" Repeat="1"/>
    <Segment SegmentId="PER" Repeat="1"/>
  </Loop>
  <Loop LoopId="R12" LoopRepeat="9999">
    <Name>Work Order Information</Name>
    <StartingSegment SegmentId="R12"/>
    <Segment SegmentId="DTM" Repeat="5"/>
    <Segment SegmentId="AMT" Usage="Required" Repeat="6"/>
    <Segment SegmentId="REF" Repeat="15"/>
    <Loop LoopId="N1" LoopRepeat="4">
      <Name>Party Identification</Name>
      <StartingSegment SegmentId="N1"/>
      <Segment SegmentId="N3" Repeat="1"/>
      <Segment SegmentId="N4" Repeat="1"/>
    </Loop>
    <Loop LoopId="R13" LoopRepeat="50">
      <Name>Line Item Repair</Name>
      <StartingSegment SegmentId="R13"/>
      <Segment SegmentId="IT1" Repeat="10"/>
      <Segment SegmentId="III" Repeat="10"/>
      <Segment SegmentId="MEA" Repeat="10"/>
      <Segment SegmentId="REF" Repeat="10"/>
      <Segment SegmentId="AMT" Repeat="10"/>
    </Loop>
  </Loop>
</TransactionSpecification>