﻿<?xml version="1.0" encoding="utf-8"?>
<!--261 Real Estate Information Request-->
<TransactionSpecification TransactionSetIdentifierCode="261" xmlns="http://tempuri.org/X12ParserSpecification.xsd">
  <Segment SegmentId="BGN" Usage="Required" Repeat="1" />
  <Segment SegmentId="TRN" Repeat="1" />
  <Loop LoopId="N1" LoopRepeat="">
    <Name>Name</Name>
    <StartingSegment SegmentId="N1" />
    <Segment SegmentId="N2" Repeat="1" />
    <Segment SegmentId="N3" Repeat="2" />
    <Segment SegmentId="N4" Repeat="1" />
    <Segment SegmentId="REF" Repeat="1" />
    <Segment SegmentId="PER" Repeat="10" />
  </Loop>
  <Loop LoopId="LX" LoopRepeat="">
    <Name>Assigned Number</Name>
    <StartingSegment SegmentId="LX" />
    <Segment SegmentId="DTP" Usage="Required" Repeat="1" />
    <Segment SegmentId="REF" Usage="Required" />
    <Segment SegmentId="LN1" />
    <Segment SegmentId="AMT" />
    <Segment SegmentId="QTY" />
    <Segment SegmentId="PWK" />
    <Segment SegmentId="NTE" />
    <Loop LoopId="NM1">
      <Name>Individual or Organizational Name</Name>
      <StartingSegment SegmentId="NM1" />
      <Segment SegmentId="N2" Repeat="1" />
      <Segment SegmentId="N3" Repeat="2" />
      <Segment SegmentId="N4" Repeat="1" />
      <Segment SegmentId="REF" Repeat="1" />
      <Segment SegmentId="PER" Repeat="10" />
      <Segment SegmentId="DTP" Repeat="2" />
    </Loop>
    <Loop LoopId="NX1">
      <Name>Property or Entity Identification</Name>
      <StartingSegment SegmentId="NX1" />
      <Segment SegmentId="NX2" Usage="Required" />
      <Segment SegmentId="DTP" Usage="Required" Repeat="7" />
      <Segment SegmentId="YNQ" Repeat="16" />
      <Segment SegmentId="REF" Repeat="5" />
      <Segment SegmentId="PDS" />
      <Segment SegmentId="PDE" />
      <Segment SegmentId="PEX" Repeat="5" />
      <Segment SegmentId="REC" Repeat="1" />
      <Segment SegmentId="REA" Repeat="1" />
      <Segment SegmentId="III" Repeat="30" />
      <Segment SegmentId="AM1" />
      <Segment SegmentId="API" Repeat="10" />
      <Segment SegmentId="AMT" Repeat="10" />
      <Segment SegmentId="QTY" Repeat="10" />
      <Segment SegmentId="PCT" Repeat="4" />
      <Segment SegmentId="NTE" Repeat="10" />
      <Loop LoopId="PWK">
        <Name>Paperwork</Name>
        <StartingSegment SegmentId="PWK" />
        <Segment SegmentId="DTM" Repeat="2" />
      </Loop>
      <Loop LoopId="IN1">
        <Name>Individual Identification</Name>
        <StartingSegment SegmentId="IN1" />
        <Segment SegmentId="IN2" Repeat="10" />
        <Segment SegmentId="III" />
        <Segment SegmentId="REF" />
        <Segment SegmentId="PER" Repeat="2" />
        <Segment SegmentId="DTM" Repeat="2" />
      </Loop>
    </Loop>
  </Loop>
</TransactionSpecification>