﻿<?xml version="1.0" encoding="utf-8"?>
<!--824 Application Advice-->
<TransactionSpecification TransactionSetIdentifierCode="824" xmlns="http://tempuri.org/X12ParserSpecification.xsd">
  <Segment SegmentId="BGN" Usage="Required" Repeat="1" />
  <Loop LoopId="N1">
    <Name>Name</Name>
    <StartingSegment SegmentId="N1" />
    <Segment SegmentId="N2" Repeat="2" />
    <Segment SegmentId="N3" Repeat="2" />
    <Segment SegmentId="N4" Repeat="1" />
    <Segment SegmentId="REF" Repeat="12" />
    <Segment SegmentId="PER" Repeat="3" />
  </Loop>
  <Loop LoopId="OTI">
    <Name>Original Transaction Identification</Name>
    <StartingSegment SegmentId="OTI" />
    <Segment SegmentId="REF" Repeat="12" />
    <Segment SegmentId="DTM" Repeat="2" />
    <Segment SegmentId="PER" Repeat="3" />
    <Segment SegmentId="AMT" />
    <Segment SegmentId="QTY" />
    <Segment SegmentId="C001"/>
    <Segment SegmentId="N1"/>
    <Segment SegmentId="NM1" Repeat="9" />
    <Loop LoopId="TED">
      <Name>Technical Error Description</Name>
      <StartingSegment SegmentId="TED" />
      <Segment SegmentId="CTX"/>
      <Segment SegmentId="NTE" Repeat="100" />
      <Segment SegmentId="RED" Repeat="100" />
    </Loop>
    <Loop LoopId="LM">
      <Name>Code Source Information</Name>
      <StartingSegment SegmentId="LM" />
      <Loop LoopId="LQ" LoopRepeat="100">
        <Name>Industry Code</Name>
        <StartingSegment SegmentId="LQ" />
        <Segment SegmentId="RED" Repeat="100" />
      </Loop>
    </Loop>
  </Loop>
</TransactionSpecification>