﻿<?xml version="1.0" encoding="utf-8"?>
<!--501 Vendor Performance Review-->
<TransactionSpecification TransactionSetIdentifierCode="501" xmlns="http://tempuri.org/X12ParserSpecification.xsd">
  <Segment SegmentId="BGN" Usage="Required" Repeat="1" />
  <Segment SegmentId="NTE" />
  <Loop LoopId="N1">
    <Name>Name</Name>
    <StartingSegment SegmentId="N1" />
    <Segment SegmentId="N2" Repeat="2" />
    <Segment SegmentId="N3" Repeat="2" />
    <Segment SegmentId="N4" Repeat="1" />
    <Segment SegmentId="PER" />
    <Segment SegmentId="REF" />
    <Segment SegmentId="DTP" />
    <Loop LoopId="LM">
      <Name>Code Source Information</Name>
      <StartingSegment SegmentId="LM" />
      <Segment SegmentId="LQ" Usage="Required" />
    </Loop>
  </Loop>
  <Loop LoopId="CRT">
    <Name>Contractor Report Type</Name>
    <StartingSegment SegmentId="CRT" />
    <Loop LoopId="REF">
      <Name>Reference Identification</Name>
      <StartingSegment SegmentId="REF" />
      <Segment SegmentId="DTP" />
      <Segment SegmentId="SPR" />
    </Loop>
    <Loop LoopId="N1">
      <Name>Name</Name>
      <StartingSegment SegmentId="N1" />
      <Segment SegmentId="N2" Repeat="2" />
      <Segment SegmentId="N3" Repeat="2" />
      <Segment SegmentId="N4" Repeat="1" />
      <Segment SegmentId="PER" />
      <Loop LoopId="DTP">
        <Name>Date or Time or Period</Name>
        <StartingSegment SegmentId="DTP" />
        <Segment SegmentId="QTY" />
      </Loop>
      <Loop LoopId="LM">
        <Name>Code Source Information</Name>
        <StartingSegment SegmentId="LM" />
        <Segment SegmentId="LQ" Usage="Required" />
        <Segment SegmentId="DTP" />
      </Loop>
      <Loop LoopId="LS">
        <Name>Loop Header</Name>
        <StartingSegment SegmentId="LS" />
        <Segment SegmentId="LE" Trailer="true" />
        <Loop LoopId="QTY">
          <Name>Quantity</Name>
          <StartingSegment SegmentId="QTY" />
          <Segment SegmentId="MEA" />
          <Segment SegmentId="PCT" />
          <Segment SegmentId="NTE" />
        </Loop>
      </Loop>
      <Loop LoopId="REF">
        <Name>Reference Identification</Name>
        <StartingSegment SegmentId="REF" />
        <Loop LoopId="QTY">
          <Name>Quantity</Name>
          <StartingSegment SegmentId="QTY" />
          <Segment SegmentId="DTP" />
          <Segment SegmentId="AMT" />
          <Segment SegmentId="NTE" />
          <Loop LoopId="LM">
            <Name>Code Source Information</Name>
            <StartingSegment SegmentId="LM" />
            <Segment SegmentId="LQ" Usage="Required" />
          </Loop>
        </Loop>
      </Loop>
    </Loop>
  </Loop>
</TransactionSpecification>