﻿<?xml version="1.0" encoding="utf-8"?>
<!--826 Tax Information Exchange-->
<TransactionSpecification TransactionSetIdentifierCode="826" xmlns="http://tempuri.org/X12ParserSpecification.xsd">
  <Segment SegmentId="BTI" Usage="Required" Repeat="1" />
  <Segment SegmentId="DTM" />
  <Segment SegmentId="REF" />
  <Segment SegmentId="TIA" />
  <Segment SegmentId="YNQ" />
  <Loop LoopId="N1">
    <Name>Name</Name>
    <StartingSegment SegmentId="N1" />
    <Segment SegmentId="N2" Repeat="2" />
    <Segment SegmentId="IN2" />
    <Segment SegmentId="N3" Repeat="2" />
    <Segment SegmentId="N4" Repeat="1" />
    <Segment SegmentId="PER" />
  </Loop>
  <Loop LoopId="TFS">
    <Name>Tax Form</Name>
    <StartingSegment SegmentId="TFS" />
    <Segment SegmentId="REF" />
    <Segment SegmentId="DTM" />
    <Segment SegmentId="TIA" />
    <Segment SegmentId="YNQ" />
    <Loop LoopId="N1">
      <Name>Name</Name>
      <StartingSegment SegmentId="N1" />
      <Segment SegmentId="N2" Repeat="2" />
      <Segment SegmentId="IN2" />
      <Segment SegmentId="N3" Repeat="2" />
      <Segment SegmentId="N4" Repeat="1" />
      <Segment SegmentId="PER" />
    </Loop>
    <Loop LoopId="FGS">
      <Name>Form Group</Name>
      <StartingSegment SegmentId="FGS" />
      <Segment SegmentId="REF" />
      <Segment SegmentId="DTM" />
      <Segment SegmentId="TIA" />
      <Segment SegmentId="YNQ" />
      <Loop LoopId="N1">
        <Name>Name</Name>
        <StartingSegment SegmentId="N1" />
        <Segment SegmentId="N2" Repeat="2" />
        <Segment SegmentId="IN2" />
        <Segment SegmentId="N3" Repeat="2" />
        <Segment SegmentId="N4" Repeat="1" />
        <Segment SegmentId="PER" />
      </Loop>
    </Loop>
  </Loop>
</TransactionSpecification>