﻿<?xml version="1.0" encoding="utf-8"?>
<!--871 Component Parts Content-->
<TransactionSpecification TransactionSetIdentifierCode="871" xmlns="http://tempuri.org/X12ParserSpecification.xsd">
  <Segment SegmentId="BGN" Usage="Required" Repeat="1" />
  <Loop LoopId="N1">
    <Name>Name</Name>
    <StartingSegment SegmentId="N1" />
    <Segment SegmentId="N2" Repeat="2" />
    <Segment SegmentId="N3" Repeat="2" />
    <Segment SegmentId="N4" Repeat="1" />
    <Segment SegmentId="REF" Repeat="12" />
    <Segment SegmentId="PER" Repeat="3" />
    <Segment SegmentId="DTM" Repeat="1" />
  </Loop>
  <Loop LoopId="LIN">
    <Name>Item Identification</Name>
    <StartingSegment SegmentId="LIN" />
    <Segment SegmentId="UIT" Repeat="1" />
    <Segment SegmentId="CUR" Repeat="1" />
    <Segment SegmentId="CRD" Repeat="1" />
    <Segment SegmentId="DTP" Repeat="10" />
    <Segment SegmentId="CRV" Repeat="1" />
    <Loop LoopId="YNQ" LoopRepeat="10">
      <Name>Yes/No Question</Name>
      <StartingSegment SegmentId="YNQ" />
      <Segment SegmentId="REF" Repeat="12" />
      <Segment SegmentId="DTM" Repeat="1" />
    </Loop>
    <Loop LoopId="N1">
      <Name>Name</Name>
      <StartingSegment SegmentId="N1" />
      <Segment SegmentId="N2" Repeat="2" />
      <Segment SegmentId="N3" Repeat="1" />
      <Segment SegmentId="N4" Repeat="1" />
      <Segment SegmentId="REF" Repeat="12" />
      <Segment SegmentId="PER" Repeat="3" />
    </Loop>
  </Loop>
</TransactionSpecification>