﻿<?xml version="1.0" encoding="utf-8" ?>
<!-- Property Damage Report -->
<TransactionSpecification xmlns="http://tempuri.org/X12ParserSpecification.xsd"  TransactionSetIdentifierCode="112">
  <Segment SegmentId="BGN"/>
  <Segment SegmentId="DTP"/>
  <Segment SegmentId="C3"/>
  <Loop LoopId="1000">
    <Name></Name>
    <StartingSegment SegmentId="SUP"/>
    <Segment SegmentId="MSG"/>
    <Loop LoopId="1100">
      <Name></Name>
      <StartingSegment SegmentId="NM1"/>
      <Segment SegmentId="N2"/>
      <Segment SegmentId="N3"/>
      <Segment SegmentId="N4"/>
      <Segment SegmentId="PER"/>
    </Loop>
  </Loop>
  <HierarchicalLoop LoopId="2000"> <!-- leving Level Code blank, because this definition can be used for all levels -->
    <Name></Name>
    <Segment SegmentId="N9"/>
    <Segment SegmentId="K2"/>
    <Segment SegmentId="QTY"/>
    <Segment SegmentId="DTP"/>
    <Segment SegmentId="TXI"/>
    <Loop LoopId="2100">
      <Name></Name>
      <StartingSegment SegmentId="LM"/>
      <Segment SegmentId="SLN"/>
      <Segment SegmentId="AMT"/>
      <Segment SegmentId="DTP"/>
    </Loop>
    <Loop LoopId="2200">
      <Name></Name>
      <StartingSegment SegmentId="III"/>
      <Segment SegmentId="AMT"/>
      <Segment SegmentId="PCT"/>
    </Loop>
    <Loop LoopId="2300">
      <Name></Name>
      <StartingSegment SegmentId="NM1"/>
      <Segment SegmentId="N2"/>
      <Segment SegmentId="N3"/>
      <Segment SegmentId="N4"/>
      <Segment SegmentId="MS1"/>
      <Segment SegmentId="PER"/>
    </Loop>
    <Loop LoopId="2400">
      <Name></Name>
      <StartingSegment SegmentId="CID"/>
      <Segment SegmentId="MEA"/>
    </Loop>
  </HierarchicalLoop>
</TransactionSpecification>