﻿<?xml version="1.0" encoding="utf-8"?>
<!--864 Text Message-->
<TransactionSpecification TransactionSetIdentifierCode="864" xmlns="http://tempuri.org/X12ParserSpecification.xsd">
  <Segment SegmentId="BMG" Usage="Required" Repeat="1" />
  <Segment SegmentId="DTM" Repeat="10" />
  <Loop LoopId="N1" LoopRepeat="200">
    <Name>Name</Name>
    <StartingSegment SegmentId="N1" />
    <Segment SegmentId="N2" Repeat="2" />
    <Segment SegmentId="N3" Repeat="2" />
    <Segment SegmentId="N4" Repeat="1" />
    <Segment SegmentId="REF" Repeat="12" />
    <Segment SegmentId="PER" Repeat="3" />
  </Loop>
  <Loop LoopId="MIT">
    <Name>Message Identification</Name>
    <StartingSegment SegmentId="MIT" />
    <Segment SegmentId="MIT" Usage="Required" Repeat="1" />
    <Loop LoopId="N1" LoopRepeat="200">
      <Name>Name</Name>
      <StartingSegment SegmentId="N1" />
      <Segment SegmentId="N2" Repeat="2" />
      <Segment SegmentId="N3" Repeat="2" />
      <Segment SegmentId="N4" Repeat="1" />
      <Segment SegmentId="REF" Repeat="12" />
      <Segment SegmentId="PER" Repeat="3" />
    </Loop>
    <Segment SegmentId="MSG" Usage="Required" Repeat="100000" />
  </Loop>
</TransactionSpecification>