﻿<?xml version="1.0" encoding="utf-8"?>
<!--821 Financial Information Reporting-->
<TransactionSpecification TransactionSetIdentifierCode="821" xmlns="http://tempuri.org/X12ParserSpecification.xsd">
  <Segment SegmentId="B2A" Usage="Required" Repeat="1" />
  <Segment SegmentId="DTM" Usage="Required" Repeat="4" />
  <Segment SegmentId="TRN" Usage="Required" Repeat="2" />
  <Segment SegmentId="N1" Repeat="2" />
  <Segment SegmentId="PER" />
  <Segment SegmentId="REF" />
  <Loop LoopId="LM" LoopRepeat="10">
    <Name>Code Source Information</Name>
    <StartingSegment SegmentId="LM" />
    <Loop LoopId="LQ" LoopRepeat="100">
      <Name>Industry Code</Name>
      <StartingSegment SegmentId="LQ" />
      <Segment SegmentId="DTM" Repeat="3" />
    </Loop>
  </Loop>
  <Loop LoopId="FA1">
    <Name>Type of Financial Accounting Data</Name>
    <StartingSegment SegmentId="FA1" />
    <Segment SegmentId="FA2" Usage="Required" />
  </Loop>
  <Loop LoopId="ENT">
    <Name>Entity</Name>
    <StartingSegment SegmentId="ENT" />
    <Loop LoopId="N1" LoopRepeat="2">
      <Name>Name</Name>
      <StartingSegment SegmentId="N1" />
      <Segment SegmentId="N2" />
      <Segment SegmentId="N3" />
      <Segment SegmentId="N4" Repeat="1" />
      <Segment SegmentId="PER" />
    </Loop>
    <Loop LoopId="ACT">
      <Name>Account Identification</Name>
      <StartingSegment SegmentId="ACT" />
      <Segment SegmentId="CUR" Repeat="1" />
      <Loop LoopId="LM" LoopRepeat="10">
        <Name>Code Source Information</Name>
        <StartingSegment SegmentId="LM" />
        <Loop LoopId="LQ" LoopRepeat="100">
          <Name>Industry Code</Name>
          <StartingSegment SegmentId="LQ" />
          <Segment SegmentId="DTM" Repeat="3" />
        </Loop>
      </Loop>
      <Loop LoopId="RTE" LoopRepeat="13">
        <Name>Rate Information</Name>
        <StartingSegment SegmentId="RTE" />
        <Segment SegmentId="DTM" Repeat="1" />
      </Loop>
      <Loop LoopId="BLN">
        <Name>Balance Information</Name>
        <StartingSegment SegmentId="BLN" />
        <Segment SegmentId="AVA" />
      </Loop>
      <Loop LoopId="TSU">
        <Name>Transaction Summary</Name>
        <StartingSegment SegmentId="TSU" />
        <Segment SegmentId="AVA" />
      </Loop>
      <Loop LoopId="FIR">
        <Name>Financial Information</Name>
        <StartingSegment SegmentId="FIR" />
        <Segment SegmentId="DTM" />
        <Segment SegmentId="REF" />
        <Segment SegmentId="MSG" />
        <Segment SegmentId="AVA" />
        <Segment SegmentId="TRN" Repeat="1" />
        <Segment SegmentId="N1" />
        <Segment SegmentId="AMT" />
        <Segment SegmentId="CTP" />
        <Segment SegmentId="RTE" />
        <Loop LoopId="NM1">
          <Name>Individual or Organizational Name</Name>
          <StartingSegment SegmentId="NM1" />
          <Segment SegmentId="N2" />
          <Segment SegmentId="N3" />
          <Segment SegmentId="N4" Repeat="1" />
          <Segment SegmentId="DTM" Repeat="1" />
        </Loop>
      </Loop>
    </Loop>
    <Loop LoopId="FA1">
      <Name>Type of Financial Accounting Data</Name>
      <StartingSegment SegmentId="FA1" />
      <Segment SegmentId="FA2" Usage="Required" />
    </Loop>
  </Loop>
</TransactionSpecification>