﻿<?xml version="1.0" encoding="utf-8"?>
<!--944 Warehouse Stock Transfer Receipt Advice-->
<TransactionSpecification TransactionSetIdentifierCode="944" xmlns="http://tempuri.org/X12ParserSpecification.xsd">
  <Segment SegmentId="W17" Usage="Required" Repeat="1" />
  <Loop LoopId="0100" LoopRepeat="10">
    <Name>Name</Name>
    <StartingSegment SegmentId="N1" />
    <Segment SegmentId="N2" Repeat="1" />
    <Segment SegmentId="N3" Repeat="2" />
    <Segment SegmentId="N4" Repeat="1" />
    <Segment SegmentId="PER" Repeat="5" />
  </Loop>
  <Segment SegmentId="N9" Repeat="10" />
  <Segment SegmentId="G61" Repeat="3" />
  <Segment SegmentId="G62" Repeat="5" />
  <Segment SegmentId="NTE" Repeat="20" />
  <Segment SegmentId="W08" Repeat="1" />
  <Segment SegmentId="W18" Repeat="10" />
  <Segment SegmentId="G08" Repeat="2" />
  <Loop LoopId="0200" LoopRepeat="9999">
    <Name>Item Detail For Stock Receipt</Name>
    <StartingSegment SegmentId="W07" />
    <Segment SegmentId="G69" Repeat="5" />
    <Segment SegmentId="N9" Repeat="200" />
    <Segment SegmentId="W20" Repeat="2" />
    <Loop LoopId="0210" LoopRepeat="50">
      <Name>Item Detail Exception</Name>
      <StartingSegment SegmentId="W13" />
      <Segment SegmentId="N9" Repeat="200" />
    </Loop>
  </Loop>
  <Segment SegmentId="W14" Usage="Required" Repeat="1" Trailer="true" />
</TransactionSpecification>