﻿<?xml version="1.0" encoding="utf-8"?>
<!--852 Product Activity Data-->
<TransactionSpecification TransactionSetIdentifierCode="852" xmlns="http://tempuri.org/X12ParserSpecification.xsd">
  <Segment SegmentId="XQ" Usage="Required" Repeat="1" />
  <Segment SegmentId="XPO" />
  <Segment SegmentId="N9" />
  <Segment SegmentId="PER" Repeat="3" />
  <Segment SegmentId="CTT" Repeat="1" Trailer="true" />
  <Loop LoopId="N1" LoopRepeat="200">
    <Name>Name</Name>
    <StartingSegment SegmentId="N1" />
    <Segment SegmentId="N2" Repeat="1" />
    <Segment SegmentId="N3" Repeat="2" />
    <Segment SegmentId="N4" Repeat="1" />
    <Segment SegmentId="FOB" Repeat="1" />
    <Segment SegmentId="TD5" Repeat="1" />
    <Segment SegmentId="DTM" />
    <Segment SegmentId="N9" />
    <Segment SegmentId="PER" Repeat="3" />
  </Loop>
  <Loop LoopId="LIN" LoopRepeat="999999">
    <Name>Item Identification</Name>
    <StartingSegment SegmentId="LIN" />
    <Segment SegmentId="CTP" Repeat="25" />
    <Segment SegmentId="PO4" Repeat="1" />
    <Segment SegmentId="N9" />
    <Segment SegmentId="AMT" Repeat="10" />
    <Segment SegmentId="PAL" Repeat="1" />
    <Segment SegmentId="QTY" Repeat="1" />
    <Loop LoopId="ZA">
      <Name>Product Activity Reporting</Name>
      <StartingSegment SegmentId="ZA" />
      <Segment SegmentId="QTY" Repeat="1" />
      <Segment SegmentId="CTP" Repeat="25" />
      <Segment SegmentId="SDQ" />
      <Loop LoopId="G95" LoopRepeat="1">
        <Name>Performance Requirements</Name>
        <StartingSegment SegmentId="G95" />
        <Segment SegmentId="DTM" Repeat="2" />
      </Loop>
    </Loop>
  </Loop>
</TransactionSpecification>