﻿<?xml version="1.0" encoding="utf-8"?>
<!--878 Product Authorization/De-authorization-->
<TransactionSpecification TransactionSetIdentifierCode="878" xmlns="http://tempuri.org/X12ParserSpecification.xsd">
  <Loop LoopId="0100" LoopRepeat="2">
    <Name>Name</Name>
    <StartingSegment SegmentId="N1" />
    <Segment SegmentId="N2" Repeat="1" />
    <Segment SegmentId="N3" Repeat="2" />
    <Segment SegmentId="N4" Repeat="1" />
  </Loop>
  <Loop LoopId="0200" LoopRepeat="999">
    <Name>Product Information</Name>
    <StartingSegment SegmentId="G21" />
    <Segment SegmentId="G69" Repeat="5" />
    <Loop LoopId="0210" LoopRepeat="250">
      <Name>Name</Name>
      <StartingSegment SegmentId="N1" />
      <Segment SegmentId="N2" Repeat="1" />
      <Segment SegmentId="N3" Repeat="2" />
      <Segment SegmentId="N4" Repeat="1" />
      <Segment SegmentId="G62" Repeat="10" />
      <Segment SegmentId="G22" Repeat="1" />
    </Loop>
  </Loop>
</TransactionSpecification>