﻿<?xml version="1.0" encoding="utf-8"?>
<!--877 Manufacturer Coupon Family Code Structure-->
<TransactionSpecification TransactionSetIdentifierCode="877" xmlns="http://tempuri.org/X12ParserSpecification.xsd">
  <Segment SegmentId="BGN" Usage="Required" Repeat="1" />
  <Segment SegmentId="N1" Usage="Required" Repeat="3" />
  <Segment SegmentId="DTM" Usage="Required" Repeat="1" />
  <Loop LoopId="0100">
    <Name>Entity</Name>
    <StartingSegment SegmentId="ENT" />
    <Loop LoopId="0110">
      <Name>Item Identification</Name>
      <StartingSegment SegmentId="LIN" />
      <Loop LoopId="0111">
        <Name>Line Item Numbers</Name>
        <StartingSegment SegmentId="G28" />
        <Segment SegmentId="G69" Repeat="1" />
      </Loop>
    </Loop>
  </Loop>
</TransactionSpecification>