﻿<?xml version="1.0" encoding="utf-8"?>
<!--883 Market Development Fund Allocation-->
<TransactionSpecification TransactionSetIdentifierCode="883" xmlns="http://tempuri.org/X12ParserSpecification.xsd">
  <Segment SegmentId="BMA" Usage="Required" Repeat="1" />
  <Segment SegmentId="N1" Usage="Required" Repeat="10" />
  <Segment SegmentId="G62" Usage="Required" Repeat="1" />
  <Segment SegmentId="G43" Repeat="1000" />
  <Segment SegmentId="G95" Repeat="99" />
  <Segment SegmentId="G61" Repeat="3" />
  <Loop LoopId="0100" LoopRepeat="9999">
    <Name>Item Identification</Name>
    <StartingSegment SegmentId="LIN" />
    <Loop LoopId="0110" LoopRepeat="99">
      <Name>Unit Detail</Name>
      <StartingSegment SegmentId="UIT" />
      <Segment SegmentId="QTY" Repeat="2" />
      <Segment SegmentId="G62" Repeat="10" />
    </Loop>
  </Loop>
  <Loop LoopId="0200" LoopRepeat="999">
    <Name>Name</Name>
    <StartingSegment SegmentId="N1" />
    <Segment SegmentId="AMT" Repeat="1" />
    <Segment SegmentId="G62" Repeat="10" />
    <Segment SegmentId="G95" Repeat="5" />
    <Loop LoopId="0210" LoopRepeat="9999">
      <Name>Item Identification</Name>
      <StartingSegment SegmentId="LIN" />
      <Segment SegmentId="AMT" Repeat="1" />
    </Loop>
  </Loop>
  <Loop LoopId="0300" LoopRepeat="9999">
    <Name>Assigned Number</Name>
    <StartingSegment SegmentId="LX" />
    <Segment SegmentId="LIN" Usage="Required" Repeat="1" />
    <Segment SegmentId="AMT" Repeat="1" />
    <Loop LoopId="0310" LoopRepeat="999">
      <Name>Name</Name>
      <StartingSegment SegmentId="N1" />
      <Segment SegmentId="AMT" Repeat="1" />
      <Segment SegmentId="G62" Repeat="10" />
    </Loop>
  </Loop>
</TransactionSpecification>