﻿<?xml version="1.0" encoding="utf-8"?>
<!--945 Warehouse Shipping Advice-->
<TransactionSpecification TransactionSetIdentifierCode="945" xmlns="http://tempuri.org/X12ParserSpecification.xsd">
  <Segment SegmentId="W06" Usage="Required" Repeat="1" />
  <Loop LoopId="0100" LoopRepeat="10">
    <Name>Name</Name>
    <StartingSegment SegmentId="N1" />
    <Segment SegmentId="N2" Repeat="1" />
    <Segment SegmentId="N3" Repeat="2" />
    <Segment SegmentId="N4" Repeat="1" />
    <Segment SegmentId="PER" Repeat="5" />
  </Loop>
  <Segment SegmentId="N9" Repeat="10" />
  <Segment SegmentId="G61" Repeat="3" />
  <Segment SegmentId="G62" Repeat="5" />
  <Segment SegmentId="NTE" Repeat="20" />
  <Segment SegmentId="W27" Repeat="1" />
  <Segment SegmentId="W6" Repeat="1" />
  <Segment SegmentId="W28" Repeat="1" />
  <Segment SegmentId="W10" Repeat="10" />
  <Segment SegmentId="G72" Repeat="5" />
  <Loop LoopId="0200" LoopRepeat="10">
    <Name>Code Source Information</Name>
    <StartingSegment SegmentId="LM" />
    <Segment SegmentId="LQ" Usage="Required" Repeat="100" />
  </Loop>
  <Loop LoopId="0300">
    <Name>Assigned Number</Name>
    <StartingSegment SegmentId="LX" />
    <Segment SegmentId="MAN" />
    <Segment SegmentId="PAL" Repeat="1" />
    <Segment SegmentId="N9" Repeat="5" />
    <Loop LoopId="0310">
      <Name>Warehouse Item Detail</Name>
      <StartingSegment SegmentId="W12" />
      <Segment SegmentId="G69" Repeat="5" />
      <Segment SegmentId="N9" Repeat="200" />
      <Segment SegmentId="G62" Repeat="10" />
      <Segment SegmentId="QTY" Repeat="10" />
      <Segment SegmentId="MEA" Repeat="5" />
      <Segment SegmentId="AMT" Repeat="1" />
      <Segment SegmentId="R4" Repeat="5" />
      <Segment SegmentId="W27" Repeat="1" />
      <Segment SegmentId="N1" Repeat="5" />
      <Segment SegmentId="G72" Repeat="5" />
      <Loop LoopId="0311" LoopRepeat="10">
        <Name>Code Source Information</Name>
        <StartingSegment SegmentId="LM" />
        <Segment SegmentId="LQ" Usage="Required" Repeat="100" />
      </Loop>
      <Loop LoopId="LS">
        <Name>Loop Header</Name>
        <StartingSegment SegmentId="LS" />
        <Segment SegmentId="LE" Trailer="true" />
        <Loop LoopId="0312">
          <Name>Assigned Number</Name>
          <StartingSegment SegmentId="LX" />
          <Segment SegmentId="N9" />
          <Segment SegmentId="G62" Repeat="10" />
          <Segment SegmentId="N1" Repeat="1" />
          <Loop LoopId="0313" LoopRepeat="10">
            <Name>Code Source Information</Name>
            <StartingSegment SegmentId="LM" />
            <Segment SegmentId="LQ" Usage="Required" Repeat="100" />
          </Loop>
        </Loop>
      </Loop>
      <Loop LoopId="0314">
        <Name>Type of Financial Accounting Data</Name>
        <StartingSegment SegmentId="FA1" />
        <Segment SegmentId="FA2" Usage="Required" />
      </Loop>
    </Loop>
  </Loop>
  <Segment SegmentId="W03" Repeat="1" />
</TransactionSpecification>