﻿<?xml version="1.0" encoding="utf-8"?>
<!--928 Automotive Inspection Detail-->
<TransactionSpecification TransactionSetIdentifierCode="928" xmlns="http://tempuri.org/X12ParserSpecification.xsd">
  <Segment SegmentId="BIX" Usage="Required" Repeat="1" />
  <Segment SegmentId="TI" Repeat="1" />
  <Loop LoopId="VC" LoopRepeat="21">
    <Name>Motor Vehicle Control</Name>
    <StartingSegment SegmentId="VC" />
    <Segment SegmentId="ID" Repeat="99" />
  </Loop>
</TransactionSpecification>