﻿<?xml version="1.0" encoding="utf-8"?>
<!--875 Grocery Products Purchase Order-->
<TransactionSpecification TransactionSetIdentifierCode="875" xmlns="http://tempuri.org/X12ParserSpecification.xsd">
  <Segment SegmentId="G50" Usage="Required" Repeat="1" />
  <Segment SegmentId="N9" Repeat="50" />
  <Segment SegmentId="G61" Repeat="3" />
  <Segment SegmentId="G62" Repeat="10" />
  <Segment SegmentId="NTE" Repeat="20" />
  <Segment SegmentId="G66" Repeat="1" />
  <Segment SegmentId="G23" Repeat="20" />
  <Segment SegmentId="G76" Usage="Required" Repeat="1" Trailer="true" />
  <Loop LoopId="0100" LoopRepeat="10">
    <Name>Name</Name>
    <StartingSegment SegmentId="N1" />
    <Segment SegmentId="N2" Repeat="1" />
    <Segment SegmentId="N3" Repeat="2" />
    <Segment SegmentId="N4" Repeat="1" />
  </Loop>
  <Loop LoopId="0200" LoopRepeat="100">
    <Name>Allowance or Charge</Name>
    <StartingSegment SegmentId="G72" />
    <Segment SegmentId="G73" Repeat="10" />
  </Loop>
  <Loop LoopId="0300" LoopRepeat="9999">
    <Name>Line Item Detail - Product</Name>
    <StartingSegment SegmentId="G68" />
    <Segment SegmentId="G69" Repeat="5" />
    <Segment SegmentId="G70" Repeat="2" />
    <Segment SegmentId="N9" Repeat="10" />
    <Segment SegmentId="G23" Repeat="20" />
    <Loop LoopId="0310" LoopRepeat="100">
      <Name>Allowance or Charge</Name>
      <StartingSegment SegmentId="G72" />
      <Segment SegmentId="G73" Repeat="10" />
    </Loop>
    <Loop LoopId="0320" LoopRepeat="9999">
      <Name>Name</Name>
      <StartingSegment SegmentId="N1" />
      <Segment SegmentId="QTY" Repeat="1" />
      <Segment SegmentId="N9" Repeat="10" />
    </Loop>
    <Loop LoopId="0330" LoopRepeat="100">
      <Name>Subline Item Detail</Name>
      <StartingSegment SegmentId="SLN" />
      <Segment SegmentId="G72" />
    </Loop>
  </Loop>
</TransactionSpecification>