﻿<?xml version="1.0" encoding="utf-8"?>
<!--601 U.S. Customs Export Shipment Information-->
<TransactionSpecification TransactionSetIdentifierCode="601" xmlns="http://tempuri.org/X12ParserSpecification.xsd">
  <Loop LoopId="BA1" LoopRepeat="999">
    <Name>Export Shipment Identifying Information</Name>
    <StartingSegment SegmentId="BA1" />
    <Segment SegmentId="YNQ" Usage="Required" Repeat="10" />
    <Segment SegmentId="V5" Repeat="1" />
    <Segment SegmentId="DTM" Usage="Required" Repeat="1" />
    <Segment SegmentId="P5" Usage="Required" Repeat="2" />
    <Segment SegmentId="REF" Repeat="9" />
    <Segment SegmentId="M12" Repeat="1" />
    <Segment SegmentId="VID" Repeat="999" />
    <Loop LoopId="N1" LoopRepeat="10">
      <Name>Name</Name>
      <StartingSegment SegmentId="N1" />
      <Segment SegmentId="N2" Repeat="2" />
      <Segment SegmentId="N3" Repeat="2" />
      <Segment SegmentId="N4" Repeat="1" />
    </Loop>
    <Loop LoopId="L13" LoopRepeat="999">
      <Name>Commodity Details</Name>
      <StartingSegment SegmentId="L13" />
      <Segment SegmentId="MAN" Repeat="999" />
      <Segment SegmentId="X1" Repeat="1" />
      <Segment SegmentId="VEH" Repeat="9999" />
      <Loop LoopId="N1" LoopRepeat="10">
        <Name>Name</Name>
        <StartingSegment SegmentId="N1" />
        <Segment SegmentId="N2" Repeat="2" />
        <Segment SegmentId="N4" Repeat="1" />
      </Loop>
    </Loop>
  </Loop>
</TransactionSpecification>