﻿<?xml version="1.0" encoding="utf-8"?>
<!--816 Organizational Relationships-->
<TransactionSpecification TransactionSetIdentifierCode="816" xmlns="http://tempuri.org/X12ParserSpecification.xsd">
  <Segment SegmentId="BHT" Usage="Required" Repeat="1" />
  <Segment SegmentId="DTM" Repeat="10" />
  <Segment SegmentId="REF" Repeat="12" />
  <Loop LoopId="N1">
    <Name>Name</Name>
    <StartingSegment SegmentId="N1" />
    <Segment SegmentId="N2" Repeat="2" />
    <Segment SegmentId="N3" Repeat="2" />
    <Segment SegmentId="N4" Repeat="1" />
    <Segment SegmentId="PER" Repeat="3" />
    <Segment SegmentId="REF" Repeat="12" />
  </Loop>
  <HierarchicalLoop LoopId="HL">
    <Name>Hierarchical Level</Name>
    <Loop LoopId="N1">
      <Name>Name</Name>
      <StartingSegment SegmentId="N1" />
      <Segment SegmentId="N2" Repeat="2" />
      <Segment SegmentId="N3" Repeat="2" />
      <Segment SegmentId="N4" Repeat="1" />
      <Segment SegmentId="PER" />
      <Segment SegmentId="REF" Repeat="12" />
      <Segment SegmentId="QTY" Repeat="5" />
      <Segment SegmentId="DTM" Repeat="10" />
      <Segment SegmentId="LQ" />
      <Segment SegmentId="ASI" Repeat="1" />
    </Loop>
  </HierarchicalLoop>
</TransactionSpecification>